,country,continent,school_enrollment_secondary_gross_wdi,trade_of_gdp_wdi,inflation_consumer_prices_annual_wdi,unemployment_total_of_total_wdi,unemployment_youth_total_of_wdi,gdp_per_capita_current_wdi,gdp_growth_annual_wdi,government_effectiveness_estimate_wdi,control_of_corruption_estimate_wdi,regulatory_quality_estimate_wdi,population_total_wdi,population_ages_1564_of_wdi,political_stability_and_absence_wdi,life_expectancy_at_birth_wdi,rule_of_law_estimate_wdi,urban_population_of_total_wdi,voice_and_accountability_estimate_wdi,criminality_oc
0,Afghanistan,Asia,85.96353443459009,67.58466515163852,-4.644708707977765,13.991,17.291,413.7578947053032,2.266943736491882,-1.98701369762421,-1.15493178367615,-1.26642525196075,41454761.0,54.3962586106817,-2.48408055305481,66.035,-1.64964091777802,26.933,-1.85290133953094,7.1
1,Albania,Europe,96.1368771236947,82.49368255969938,4.759764219301084,10.108,24.817,8575.171346372215,3.9366168919259934,0.250855356454849,-0.332218527793884,0.171953663229942,2745972.0,66.6560264328305,0.183348968625069,79.602,-0.164097368717194,64.603,0.168997228145599,5.17
2,Algeria,Africa,101.264892578125,43.68291419557204,9.322173759283189,11.701,30.447,5364.027950227306,4.100000000059637,-0.670135140419006,-0.589308321475983,-0.948087155818939,46164219.0,62.9837937905979,-0.577885270118713,76.261,-0.678364396095276,75.268,-0.979883790016174,4.88
3,Andorra,Europe,99.5086517333984,127.10225267750646,7.352342334686251,6.033230769230769,15.800512820512822,46812.44844863085,2.58355480961319,1.4754387140274,1.25135612487793,1.35054576396942,80856.0,72.3341495992876,1.58346593379974,84.041,1.47689890861511,87.774,0.996939778327942,3.22
4,Angola,Africa,51.4839046246776,67.00179327991998,13.64410177677149,14.537,28.075,2309.534130427727,1.0780995197067256,-1.00890958309174,-0.60992020368576,-0.761388182640076,36749906.0,52.6162856035605,-0.34150505065918,64.617,-1.09906601905823,68.688,-0.737252414226532,5.58
5,Antigua and Barbuda,Americas,108.880778588808,64.95372947812973,5.067138653642156,6.810290322580646,16.296935483870964,21494.547400072708,2.427363001103359,0.380410820245743,0.326792687177658,0.546036779880524,93316.0,70.544014659944,0.923393249511719,77.598,0.378593176603317,24.332,0.741840481758118,2.98
6,Argentina,Americas,105.574584297051,26.640512133443742,133.4889355941749,6.139,17.946,14187.482725296491,-1.611001620901888,-0.377517342567444,-0.360883951187134,-0.482535392045975,45538401.0,65.6063209158354,-0.127517908811569,77.395,-0.410826534032822,92.463,0.533921837806702,5.0
7,Armenia,Asia,89.4111027634947,119.71464296387194,1.980418776155585,13.245,26.135,8125.273957540031,8.299999999595386,-0.184129968285561,0.0583996474742889,0.047635018825531,2964300.0,67.2436198631987,-0.829278230667114,77.4658536585366,-0.122017979621887,63.739,0.0767075568437576,2.82
8,Australia,Oceania,134.099243164062,49.225184059438064,5.597014925373134,3.668,8.375,64835.9199754535,3.4419922000902545,1.58987963199615,1.78120493888855,1.94220554828644,26652777.0,64.5856920862796,0.91705721616745,83.05121951219513,1.52318394184113,86.617,1.50660192966461,4.0
9,Austria,Europe,100.504371643066,116.813919411879,7.814134170028328,5.264,10.98,56033.57379206499,-0.9549625293891212,1.32668149471283,1.1336532831192,1.36136972904205,9131761.0,65.5333445996897,0.727989196777344,81.54146341463417,1.74656546115875,59.53,1.41124832630157,4.13
10,Azerbaijan,Asia,92.7402972401367,83.53588611563214,8.785430498490808,5.636,13.751,7133.028380483284,1.354477317554469,-0.0326422192156315,-1.19547140598297,-0.108809567987919,10153958.0,69.64501196768,-0.730753898620605,74.429,-0.566586077213287,57.577,-1.41153395175934,4.8
11,Bahamas,Americas,87.1455240465819,76.54947515928572,3.052915789697472,8.643,18.127,38231.77448427799,3.048774962850203,0.270353257656097,1.26691007614136,0.0071837524883449,399440.0,70.1737805755801,1.00856232643127,74.552,0.179566532373428,83.625,0.860349118709564,3.75
12,Bahrain,Asia,104.392938701638,157.44785468229745,0.0746206782191526,1.154,5.519,29290.12842150983,3.878116148455661,0.697198748588562,0.177784815430641,1.07798528671265,1577059.0,77.3701148429395,-0.373967587947845,81.284,0.468770444393158,89.869,-1.37783300876617,4.95
13,Bangladesh,Asia,65.9856598598849,30.982971410459648,9.883503037792076,4.454,10.895,2551.017738273069,5.775112370078887,-0.697334110736847,-1.12086641788483,-0.914152979850769,171466990.0,65.3185697725259,-0.908656716346741,74.672,-0.502657234668732,40.473,-0.753886342048645,5.12
14,Barbados,Americas,102.513702392578,64.95372947812973,9.792070771264468,7.878,24.582,23804.02499149949,4.093820109705717,0.380443245172501,1.34458589553833,0.503107726573944,282336.0,66.4197976878613,1.18712854385376,76.178,0.414195388555527,31.425,1.16219222545624,3.07
15,Belarus,Europe,97.4265999006565,131.58467488496072,5.000599030913127,3.461,10.472,7896.753882955836,4.1265400715388125,-0.991465747356415,-0.665028035640717,-1.41953349113464,9178298.0,66.2627417811946,-0.729365646839142,74.18378048780488,-1.25094270706177,80.731,-1.66739654541016,5.87
16,Belgium,Europe,142.960266113281,168.96100940166826,4.049010776139445,5.528,16.122,54690.09427349642,1.201691781996999,1.03702199459076,1.3368444442749,1.16822481155396,11787423.0,63.5639803078539,0.403853088617325,82.39756097560976,1.29537487030029,98.189,1.32572901248932,4.43
17,Belize,Americas,83.619553808705,106.53175571025646,4.389840174876785,8.267,18.774,7459.998151328368,1.1490168206586162,-0.376311779022217,-0.226113811135292,-0.430582851171494,411106.0,68.166079023511,0.58532577753067,73.566,-0.635611891746521,46.608,0.539004623889923,4.87
18,Benin,Africa,57.97773246321788,44.663130818021095,2.738700784060764,1.657,3.116,1394.1778466304495,6.352777385444199,-0.218984127044678,-0.0495794489979744,-0.295836299657822,14111034.0,55.0758521637801,-0.346559435129166,60.774,-0.505709648132324,50.1,-0.218986943364143,5.32
19,Bhutan,Asia,86.8564415582911,81.56452985132395,4.22934419929255,3.126,14.939,3839.4093039286,4.882593962536319,0.566305339336395,1.53142273426056,-0.401030838489532,786385.0,72.1698023232895,0.982800424098969,72.975,0.667693257331848,44.35,0.200142219662666,3.9
20,Bolivia,Americas,91.3676827044767,56.4582389783573,2.576888004891891,3.024,4.958,3686.2799644217594,3.081965210477307,-0.639481067657471,-0.838301062583923,-1.17711877822876,12244159.0,64.307133535789,-0.313183635473251,68.581,-1.21933794021606,71.186,-0.265191316604614,4.95
21,Bosnia and Herzegovina,Europe,87.8663787841797,99.61749338939724,6.10590112848281,10.668,27.27,8663.023229878792,1.9943952031946424,-0.967812538146973,-0.581560015678406,-0.141291111707687,3185073.0,65.1376593252337,-0.353373318910599,77.85,-0.351819545030594,50.269,-0.319465935230255,5.85
22,Botswana,Africa,57.97773246321788,68.80335783608163,5.067615493438294,23.381,44.361,7826.353764832983,3.2080681222443843,0.430828422307968,0.685792088508606,0.497434794902802,2480244.0,63.7490779638862,1.03843998908997,69.163,0.390436381101608,72.867,0.504056930541992,4.35
23,Brazil,Americas,93.75563194299197,33.6662298301438,4.593562822832035,7.947,17.938,10377.589279255684,3.2416553290698147,-0.546764314174652,-0.503643155097961,-0.29647821187973,211140729.0,69.4304164782911,-0.408567786216736,75.848,-0.308802843093872,87.788,0.382853865623474,6.77
24,Brunei,Asia,91.8381544399811,136.86343430081763,0.3570643115369498,5.183,18.498,32890.54924657224,1.1276441916160564,1.4017870426178,1.27803611755371,0.97689163684845,458949.0,72.4645575701849,1.36600065231323,75.327,0.886853814125061,79.149,-0.715453028678894,2.85
25,Bulgaria,Europe,95.6239624023438,119.6681203442128,9.442841400885662,4.319,12.048,15883.861854558112,1.886814839071775,0.047112051397562,-0.137721657752991,0.40789669752121,6446596.0,63.6293606509783,0.341861486434937,75.70731707317073,-0.0068576806224882,76.701,0.388988107442856,5.65
26,Burkina Faso,Africa,30.8551216331757,64.82232111543841,10.803835740848372,5.348,8.403,882.6898100861632,2.960181473849289,-0.826227486133575,-0.169615507125854,-0.485633552074432,23025776.0,54.9780363536934,-2.035231590271,61.092,-0.741778969764709,32.52,-0.809887170791626,5.92
27,Burundi,Africa,57.97773246321788,29.736972306625127,26.94148357624534,0.921,1.684,192.07430535935111,2.6655396041818733,-1.20011341571808,-1.55602598190308,-0.985730171203613,13689450.0,52.1249630965803,-1.17240297794342,63.651,-1.25105631351471,14.784,-1.36691832542419,4.87
28,Cabo Verde,Africa,57.97773246321788,94.57990550477578,3.724375176687465,11.971,28.764,4861.291841262292,5.391144273660103,0.0136766647920012,0.984857201576233,0.242902502417564,522331.0,67.0496936326713,0.903245568275452,76.059,0.400105774402618,67.982,0.958101332187653,4.28
29,Cambodia,Asia,56.7864734981041,134.20684239593064,2.127467965941962,0.225,0.695,2429.748534528382,5.0073304381264165,-0.305874288082123,-1.29921674728394,-0.684618413448334,17423880.0,63.9282563950091,0.0444938205182552,70.668,-0.819127440452576,25.57,-1.29242181777954,6.85
30,Cameroon,Africa,44.840795775403,37.21772817599711,7.382813842809784,3.613,6.575,1736.8609107352422,3.2483449782387623,-0.906262576580048,-1.16255974769592,-0.913473010063171,28372687.0,55.4646058020518,-1.40043640136719,63.7,-1.03819787502289,59.315,-1.0663970708847,6.27
31,Canada,Americas,104.287643432617,66.63233133706682,3.879001597884271,5.415,10.806,54220.328503987526,1.5287455083835797,1.51680326461792,1.67150104045868,1.64471042156219,40083484.0,65.3373373940366,0.822420537471771,81.64658536585365,1.47300565242767,81.862,1.4796462059021,3.88
32,Central African Republic,Africa,57.97773246321788,43.480570208358,2.979138526189374,5.877,9.397,495.9788972887206,0.6999683899212101,-1.73500919342041,-1.31139302253723,-1.46841526031494,5152421.0,48.7382774756059,-2.20310711860657,57.408,-1.75950109958649,43.614,-1.2622481584549,6.75
33,Chad,Africa,24.1941648001316,46.94845311537859,10.83635683998424,1.074,1.418,989.0585289685883,4.117451792010044,-1.4791487455368,-1.48240697383881,-1.15642070770264,19319064.0,51.1880518642104,-1.55946290493011,55.069,-1.35423922538757,24.366,-1.43493866920471,5.5
34,Chile,Americas,105.83097076416,60.72472368744081,7.581682514079668,9.013,21.973,17067.036479915365,0.5213679772468254,0.71755576133728,0.968603789806366,0.925731718540192,19658835.0,68.922342041123,0.13615994155407,81.167,0.625093758106232,88.012,1.01794922351837,5.18
35,China,Asia,85.96353443459009,36.10519236905744,0.2348368288930602,4.67,15.745,12951.178239704272,5.414843300996751,0.679014027118683,-0.0053701046854257,-0.356507807970047,1410710000.0,69.0943118083391,-0.513097047805786,77.953,-0.0401299707591534,64.57,-1.50455415248871,6.37
36,Colombia,Americas,93.75563194299197,40.38813249339565,11.73590449486897,9.594,19.369,7000.836605010462,0.7123800319743339,-0.075877919793129,-0.309191286563873,0.101034268736839,52321152.0,70.0267258065464,-0.717313230037689,77.725,-0.458272933959961,82.354,0.205213740468025,7.75
37,Comoros,Africa,57.97773246321788,45.68377892358148,10.803835740848372,3.776,8.614,1682.2028509572117,3.0646623685557586,-1.53510224819183,-0.990109264850616,-1.23843240737915,850387.0,58.1257121757506,-0.226316764950752,66.777,-1.34128475189209,30.132,-0.808809578418732,3.92
38,"Congo, Dem, Rep,",Africa,55.4860992431641,90.41241587115896,10.803835740848372,4.484,8.407,633.3956616862978,8.60908972348436,-1.68906629085541,-1.48051190376282,-1.40857565402985,105789731.0,50.8433552456838,-2.04486203193665,61.895,-1.67073619365692,47.444,-1.21333003044128,7.35
39,"Congo, Rep,",Africa,57.97773246321788,96.21039440396184,4.301745635910222,19.898,40.412,2477.9784547709223,1.90686426346754,-1.33428740501404,-1.34527885913849,-1.23940634727478,6182885.0,56.2016922520797,0.0191620066761971,65.772,-1.02058732509613,69.188,-1.15416669845581,4.78
40,Costa Rica,Americas,125.510070800781,72.47199908025493,0.5251935086934765,8.325,24.308,16942.02681193038,5.111921832291372,0.260196477174759,0.653749406337738,0.543547570705414,5105525.0,68.9501697719461,0.984186828136444,80.799,0.389316648244858,82.622,1.0699063539505,5.53
41,Croatia,Europe,105.025161743164,107.70091943059924,7.941281775868271,6.086,18.901,21865.45628386405,3.302544880863252,0.712653696537018,0.181928679347038,0.643900275230408,3859686.0,63.0460776224784,0.59771203994751,78.47317073170733,0.36060556769371,58.575,0.569745063781738,5.15
42,Cuba,Americas,95.5986574273359,108.1353237448144,11.193196695714905,1.719,4.215,15816.252178947685,-1.9293712316968052,-0.475527822971344,-0.0550908595323563,-1.50136196613312,11019931.0,68.2904942095597,0.384215950965881,78.085,-0.453039199113846,77.523,-1.24890899658203,3.37
43,Cyprus,Europe,102.400848388672,193.26861920723712,3.541341887516581,6.098,16.932,36551.41796875,2.7639097541960496,0.73773992061615,0.332707405090332,0.778258264064789,1344976.0,69.6228295608359,0.409627169370651,81.648,0.628040313720703,66.987,0.974570155143738,4.43
44,Czech Republic,Europe,97.6154174804688,132.95694391357492,10.66126013724261,2.579,8.269,31591.05682163569,-0.0552618201120225,1.1140114068985,0.767809867858887,1.30448853969574,10864042.0,63.7804637975688,0.967361629009247,79.87804878048782,1.14218366146088,74.552,1.07654917240143,4.68
45,CÃ´te d'Ivoire,Africa,63.9607557764462,52.00345487314835,4.387117070032815,2.27,4.238,2554.6730488557646,6.450457969025749,-0.359512031078339,-0.313007414340973,-0.116081379354,31165654.0,56.1553336888101,-0.631788194179535,61.944,-0.461197137832642,53.149,-0.375480622053146,6.02
46,Denmark,Europe,126.98078918457,127.76856748009146,3.305178112376054,5.094,11.499,68453.87692811449,2.495184345167729,2.01564884185791,2.37605309486389,1.83951985836029,5946952.0,63.5328644525895,0.850847959518433,81.85365853658539,1.90893590450287,88.495,1.66469931602478,4.02
47,Djibouti,Africa,57.97773246321788,284.5369286988203,1.495068165150829,26.154,76.27,3397.5201577958765,7.372071487019951,-0.731475412845612,-0.780927419662476,-0.933053493499756,1152944.0,65.6896456764794,-0.516700983047485,65.987,-1.1251677274704,78.552,-1.27434647083282,4.65
48,Dominica,Americas,102.585807800293,64.95372947812973,5.086774831581045,6.810290322580646,16.296935483870964,9912.962127666682,3.65221012208734,0.260825008153915,0.544514536857605,0.308252662420273,66510.0,69.1462250321378,1.28526425361633,71.132,0.62485259771347,72.006,0.786084830760956,2.63
49,Dominican Republic,Americas,75.4805556926418,49.84361317644173,4.785612810211371,5.555,11.559,10630.431743829022,2.1922984823793854,0.12803441286087,-0.449474930763245,0.171186909079552,11331265.0,65.5051370917044,0.239014014601707,73.72,-0.128592282533646,84.446,0.325887054204941,5.02
50,Ecuador,Americas,92.8118025876465,56.99775356490914,2.215687642370623,3.51,7.782,6737.847483796376,1.988238139842352,-0.494244992733002,-0.647337436676025,-0.718200981616974,17980083.0,66.9024275360687,-0.338139981031418,77.392,-0.957790791988373,64.792,-0.061911303550005,7.07
51,Egypt,Africa,84.474862198776,40.45040077200307,33.88477631155459,7.334,19.073,3456.7896845625296,3.7602805227924714,-0.239516973495483,-0.747790396213531,-0.665456295013428,114535772.0,62.5951954232918,-0.866764307022095,71.633,-0.184178426861763,43.1,-1.37938976287842,5.05
52,El Salvador,Americas,65.5709865566541,81.71477234259882,4.045546942224781,2.992,6.956,5365.444913991706,3.5391566928735045,0.0504390224814415,-0.561315059661865,-0.307905405759811,6309624.0,66.789288870462,0.0023323998320847,72.099,-0.369357317686081,75.393,-0.474436670541763,5.92
53,Equatorial Guinea,Africa,57.97773246321788,61.443281519042,2.859495060373171,8.367,15.548,6677.793435386001,-5.089308720715323,-1.32034909725189,-1.57037270069122,-1.47442591190338,1847549.0,58.8922404764366,-0.235371336340904,63.707,-1.33868646621704,74.448,-1.67685103416443,4.38
54,Eritrea,Africa,57.97773246321788,74.52469518546137,10.803835740848372,5.586,9.467,2811.7449245511048,3.3956282156058717,-1.79375612735748,-1.47526490688324,-2.36299300193787,3470390.0,57.1716085471098,-0.792767763137817,68.624,-1.76205575466156,43.267,-1.86236107349396,3.97
55,Estonia,Europe,108.442070007324,154.85924462164948,9.15922507983982,6.378,17.207,30133.304450454027,-3.0230387452077707,1.2634699344635,1.53812229633331,1.42964351177216,1370286.0,63.1176144459171,0.660533905029297,78.49024390243902,1.42638897895813,69.81,1.21992552280426,4.25
56,Ethiopia,Africa,57.97773246321788,20.59820150726521,30.21882781352783,3.402,5.436,2811.7449245511048,6.594245993570752,-0.768662095069885,-0.465061634778976,-1.0210794210434,128691692.0,57.4630524711727,-1.96956777572632,67.315,-0.670203268527985,23.157,-1.06066715717316,5.68
57,Fiji,Oceania,98.540177642079,126.17917835313754,2.148174406238924,4.322,15.519,5888.736673324293,7.524291351342399,0.490778684616089,0.50627201795578,-0.0902230963110924,924145.0,66.2716531109008,0.744343459606171,67.316,0.304903954267502,58.713,0.186145916581154,4.15
58,Finland,Europe,142.861724853516,85.87736727496682,6.250643221547617,7.151,16.107,52821.51143407167,-0.946904862611035,1.73860657215118,2.22151660919189,1.76514935493469,5583911.0,61.4871173254305,0.713986694812775,81.68536585365854,1.96704590320587,85.773,1.63263607025146,2.98
59,France,Europe,103.962417602539,70.55955479319313,4.878357265084381,7.335,17.274,44690.93453951175,0.9364875188508536,1.14462625980377,1.18482184410095,1.15350544452667,68287487.0,61.4660792751563,0.343697965145111,82.92926829268293,1.18057084083557,81.777,1.15460133552551,5.82
60,Gabon,Africa,57.97773246321788,90.99323362845682,3.629015341853775,20.278,36.368,8071.39777400455,2.445880830965933,-0.779809296131134,-1.01552844047546,-0.704819560050964,2484789.0,59.2959722728916,-0.335527300834656,68.337,-0.872693359851837,91.029,-0.919151186943054,4.85
61,Gambia,Africa,57.97773246321788,42.43600250954761,16.97421296323267,6.479,10.811,888.1574074419019,4.797508945309431,-0.590593457221985,-0.281129717826843,-0.639587819576263,2697845.0,56.2912887339175,-0.0120199294760823,65.86,-0.374314546585083,64.472,-0.0410085804760456,4.53
62,Georgia,Asia,103.183588288651,107.151179161579,2.487760565787146,11.537,30.166,8283.669606522612,7.832201265557259,0.791285872459412,0.617694795131683,0.946578145027161,3715483.0,63.6417358197995,-0.335554122924805,74.496,0.177279338240623,60.727,0.0347131341695786,3.6
63,Germany,Europe,100.603057861328,82.79910644957054,5.946436677258284,3.068,5.949,53940.40734474621,-0.2664384011802525,1.18541669845581,1.66416621208191,1.45697498321533,83901923.0,63.2943857808214,0.586989283561707,80.54146341463417,1.55120778083801,77.765,1.46138572692871,5.33
64,Ghana,Africa,57.97773246321788,64.38786152816472,38.10696562965014,3.063,5.482,2383.904104834181,3.140090997637543,-0.092661589384079,-0.0990211144089699,-0.18065220117569,33787914.0,60.1892661973746,-0.0216207038611174,65.498,-0.0996378883719444,59.238,0.410351544618607,5.8
65,Greece,Europe,105.191741943359,92.1562900262242,3.464801285134019,11.066,26.642,23400.727881769137,2.3321244494581777,0.148003026843071,0.0978469252586365,0.578935325145721,10405588.0,62.9301872607766,0.239744067192078,81.53658536585367,0.213158577680588,80.673,1.01216721534729,5.35
66,Grenada,Americas,93.75563194299197,64.95372947812973,2.6961226981456,6.810290322580646,16.296935483870964,11308.287424945123,4.679761815935862,-0.0060560517013073,0.558168590068817,0.314693748950958,117081.0,68.2834960412023,1.01801919937134,75.205,0.604949295520782,37.059,0.753503501415253,2.93
67,Guatemala,Americas,47.3762534803949,48.29706891827588,6.206575922721282,2.344,4.334,5758.308762988451,3.533156700869469,-0.897167265415192,-1.12161290645599,-0.290354937314987,18124838.0,63.1275121776954,-0.244364932179451,72.602,-1.07527709007263,53.098,-0.53369927406311,6.6
68,Guinea,Africa,57.97773246321788,95.82952675822696,7.804975919279736,5.244,7.098,1555.4937580686064,5.541726686277016,-0.907938599586487,-0.897673428058624,-1.07605743408203,14405468.0,55.3160022291535,-0.877875149250031,60.74,-1.11396610736847,38.085,-1.14505314826965,4.58
69,Guinea-Bissau,Africa,57.97773246321788,41.61106435208172,7.102209285570535,2.65,2.817,964.9275542189088,4.463699361333923,-1.43258428573608,-1.1783698797226,-1.24987518787384,2153339.0,57.6150805795093,-0.327665239572525,64.085,-1.43643689155579,45.466,-0.436878204345703,5.1
70,Guyana,Americas,84.4850463867188,64.95372947812973,2.821103350996386,12.025,25.676,20473.700219061717,33.79501111587297,-0.294486999511719,-0.383745014667511,-0.563037872314453,826353.0,64.1972014381263,-0.05517203733325,70.18,-0.342232912778854,27.162,0.148810401558876,5.97
71,Haiti,Americas,93.75563194299197,30.78542369953594,36.81351627808533,14.556,36.421,1705.7580846099909,-1.8638842025483768,-2.22533392906189,-1.44387412071228,-1.39060175418854,11637398.0,63.8096478349521,-1.43452179431915,64.936,-1.3636075258255,59.656,-1.17997741699219,5.93
72,Honduras,Americas,54.5012702941895,98.79197983363647,6.663251803474581,6.07,10.498,3227.457625097757,3.5758476045441228,-0.795222759246826,-1.11195814609528,-0.550886929035187,10644851.0,64.7111265343216,-0.45921716094017,72.884,-1.09500813484192,60.212,-0.45370152592659,7.05
73,Hungary,Europe,105.419059753418,157.10677596052014,17.12496596787367,4.107,12.802,22312.17902897625,-0.8425288406390905,0.372758895158768,-0.0004981306265108,0.318309366703033,9592186.0,64.695458770892,0.731891810894012,76.77073170731708,0.427084535360336,72.864,0.35952889919281,4.62
74,Iceland,Europe,108.911361694336,86.72988389546519,8.736302999372924,3.518,8.488,79960.09615356618,5.6464618192356255,1.55512094497681,1.55130612850189,1.28444385528564,393349.0,66.5956664494946,1.21440374851227,82.60731707317075,1.72111761569977,94.042,1.44590175151825,3.37
75,India,Asia,79.3250397483992,44.99284228775613,5.649143189079291,4.172,15.661,2530.120312782038,9.190754930283449,0.47511014342308,-0.366014748811722,-0.136969581246376,1438069596.0,68.0210944742065,-0.635076940059662,72.003,0.188364565372467,36.364,0.0944044888019562,5.75
76,Indonesia,Asia,96.0002120295081,41.33628687076515,3.669386548597604,3.308,13.124,4876.3077451225245,5.049023318359971,0.58032637834549,-0.48687219619751,0.301378756761551,281190067.0,68.0168202172248,-0.404375314712524,71.146,-0.153604462742805,58.572,0.138982817530632,6.85
77,Iran,Asia,85.96353443459009,52.18017584711404,44.57918575727971,9.041,22.637,4465.637668533057,5.044890195121383,-1.02239692211151,-1.23189043998718,-1.68747353553772,90608707.0,69.2451333622938,-1.6941009759903,77.654,-1.06095492839813,77.257,-1.45358419418335,7.03
78,Iraq,Asia,85.96353443459009,69.46132079901668,4.358353510895883,15.447,31.97,5965.318350777613,0.5177055251311913,-1.38960635662079,-1.32103753089905,-1.43832731246948,45074049.0,59.5119000735878,-2.41309809684753,72.324,-1.69316685199738,71.599,-0.958918929100037,7.13
79,Ireland,Europe,105.5245891624736,237.215881337618,6.299424874191223,4.288,10.56,103887.80038808093,-5.530007388659598,1.59114551544189,1.5752888917923,1.74936389923096,5307600.0,65.4412571224043,0.901911556720734,82.86097560975611,1.63358354568481,64.466,1.48345601558685,5.08
80,Israel,Asia,96.4655990600586,57.990320713698296,4.22522603168918,3.596,6.595,52003.72007299969,1.8265204948238392,1.1453697681427,0.829359412193298,1.12179791927338,9849000.0,59.9696758342468,-1.46484839916229,83.19512195121952,0.783846437931061,92.854,0.64426463842392,4.85
81,Italy,Europe,100.678756713867,65.64086347407091,5.622194421959058,7.627,22.727,39065.42443656329,0.7153725008675309,0.611036896705627,0.550129175186157,0.644031763076782,58993475.0,63.6367816692365,0.583320736885071,83.70000000000002,0.390358686447144,71.973,1.11553084850311,6.22
82,Jamaica,Americas,85.4353132628153,64.95372947812973,6.474137346620622,4.4,13.689,6839.725024081808,2.604663055322007,0.407290458679199,-0.112082988023758,0.0980334356427193,2839786.0,73.0037052087728,0.384837329387665,71.479,-0.174516573548317,57.378,0.56428599357605,5.8
83,Japan,Asia,102.344436645508,45.15087956412477,3.268133659331638,2.6,4.116,33836.17562716171,1.4750348105338418,1.63126504421234,1.3956606388092,1.46932590007782,124516650.0,58.7888993029413,0.951136231422424,84.04121951219513,1.53553938865662,92.043,1.10550534725189,4.28
84,Jordan,Asia,91.9696843781763,100.34786875203427,2.084869863271342,17.969,41.743,4466.083142085751,2.8840833928168337,0.386213511228561,0.0886586904525757,0.217705458402634,11439213.0,64.4514677516946,-0.20273420214653,77.814,0.257768124341965,92.02,-0.774707794189453,4.93
85,Kazakhstan,Asia,95.2393054334066,61.96238433295876,14.7249900200331,4.821,3.801,12879.427525797384,5.099999999999994,0.146814674139023,-0.26659306883812,0.0659545287489891,20330104.0,62.1527464886554,-0.27334600687027,74.402,-0.446781367063522,58.179,-1.00384140014648,4.47
86,Kenya,Africa,84.3083880306996,32.092079281446864,7.671396340294013,5.567,12.012,1952.3045792963608,5.555873013198664,-0.303605198860168,-0.770913004875183,-0.390806585550308,55339003.0,59.6395616274435,-0.937771916389465,63.646,-0.326221644878387,29.52,-0.124170683324337,7.02
87,Kiribati,Oceania,94.7441990494828,107.58693880379133,9.283073745177196,3.5195,9.07075,2177.7011408041585,2.6520108748987923,-0.096573106944561,0.411750495433807,-0.278862416744232,132530.0,60.9527618170912,1.09988939762115,66.473,0.587936818599701,57.762,1.08984088897705,2.45
88,"Korea, DPR",Asia,85.96353443459009,93.90663082558667,13.788542657897182,2.831,6.647,14913.287487179912,3.0118159937179247,-1.48409974575043,-1.58447635173798,-2.38633036613464,26418204.0,68.9907837792455,-0.366169571876526,73.642,-1.64286839962006,63.203,-1.97920870780945,4.82
89,"Korea, Rep,",Asia,96.2983932495117,87.9396791903733,3.597456250290117,2.675,5.405,33121.37128855084,1.3567332431109804,1.40480732917786,0.894088566303253,1.122523188591,51712619.0,70.6941593301433,0.609834730625153,83.42926829268293,1.24850225448608,81.456,0.8595951795578,4.43
90,Kuwait,Asia,85.96353443459009,93.90663082558667,3.642164030307086,2.127,15.453,34075.84904398466,-1.6672058973843065,0.0075402706861496,0.206611827015877,0.320921540260315,4853420.0,78.4443976236579,0.408179193735123,83.1878048780488,0.341668486595154,100.0,-0.594156503677368,5.2
91,Kyrgyzstan,Asia,91.2655243671618,132.37340391233607,10.75327704167424,3.991,8.205,2138.22210211478,9.013292833934202,-0.890727877616882,-1.22109532356262,-0.616720378398895,7099750.0,61.9012922216683,-0.48121976852417,72.2487804878049,-1.1741224527359,37.801,-0.723200380802155,5.32
92,Laos,Asia,54.4330611689851,93.90663082558667,31.23013417326452,1.188,2.179,2066.9497977695714,3.745681401582317,-0.6432785987854,-0.973836362361908,-0.927797913551331,7664993.0,64.9068606394592,0.814461767673492,68.964,-0.832905530929565,38.247,-1.63225436210632,6.12
93,Latvia,Europe,102.126243591309,136.63203497068125,8.938046233166386,6.465,12.323,22675.578629540683,2.854218001065874,0.696560978889465,0.698113977909088,1.17222261428833,1877445.0,62.9758563022871,0.591089129447937,75.6780487804878,1.03986096382141,68.671,0.993027687072754,3.9
94,Lebanon,Asia,62.8279212477627,104.20641006918235,221.341644023365,11.543,23.552,3477.7248984268376,-0.7605844702573137,-1.58038187026978,-1.22706246376038,-1.01446163654327,5773493.0,63.4597429545461,-1.51903915405273,77.817,-1.16507518291473,89.432,-0.654260396957397,7.1
95,Lesotho,Africa,57.97773246321788,141.51375553510815,6.342217431249495,16.457,24.752,916.2829704638878,1.8266252585236344,-0.953606307506561,-0.509478509426117,-0.590149462223053,2311472.0,61.2495630490008,-0.30576080083847,57.375,-0.480017185211182,30.415,0.0299380328506231,3.92
96,Liberia,Africa,57.97773246321788,74.52469518546137,10.09445356655516,2.933,2.191,799.1944702296419,4.683756887613114,-1.35536432266235,-0.888349294662476,-0.923699855804443,5493031.0,56.7256674866754,-0.1162094399333,62.163,-1.03163075447083,53.567,0.0538939349353313,5.5
97,Libya,Africa,57.97773246321788,155.6552016641787,2.373175314351691,18.753,49.623,6172.81246940233,10.155818177032614,-1.63588905334473,-1.52501881122589,-1.9459183216095,7305659.0,67.1606832456867,-2.1680154800415,69.339,-1.76977610588074,81.606,-1.39111697673798,6.93
98,Liechtenstein,Europe,105.5245891624736,127.10225267750646,7.352342334686251,6.033230769230769,15.800512820512822,207973.61774675825,1.7394384216583052,1.62781953811646,1.71017241477966,1.62123084068298,39850.0,65.4906813475428,1.61275815963745,84.84146341463416,1.71267354488373,14.617,1.4039351940155,2.27
99,Lithuania,Europe,105.428817749023,149.04190901460825,9.117319623904732,6.841,13.712,27786.00578292757,0.3422627162772613,1.05012118816376,0.781545519828796,1.33804214000702,2871585.0,65.2566711946572,0.742111504077911,76.98780487804878,1.26719617843628,68.694,1.07111299037933,3.9
100,Luxembourg,Europe,107.744010925293,404.4583349111657,3.741403619831411,5.184,18.847,131407.6813645132,-0.693632727692318,1.91421329975128,1.92665910720825,1.92906320095062,666430.0,69.0738808416203,1.05400168895721,83.35853658536585,1.75243473052979,92.078,1.63266289234161,2.85
101,Madagascar,Africa,57.97773246321788,61.13304168857875,9.87432675044886,3.069,5.48,508.7184277057355,4.203046158039768,-1.02277612686157,-1.00018215179443,-0.799546599388123,31195932.0,57.0927043132947,-0.690745651721954,63.632,-0.974946022033691,40.556,-0.319516479969025,5.58
102,Malawi,Africa,36.644092994481,74.52469518546137,28.78974282472982,5.033,6.766,602.343619809252,1.89245798756383,-0.859506547451019,-0.602811515331268,-0.772310614585876,21104482.0,56.0913516832265,-0.235615640878677,67.353,-0.155495509505272,18.28,0.0756149441003799,4.48
103,Malaysia,Asia,79.4472788704033,132.06430727866737,2.488865601257559,3.869,12.28,11379.085192355718,3.5554871541050943,0.875369668006897,0.295621365308762,0.660894274711609,35126298.0,70.2608342046179,0.16851469874382,76.657,0.571915447711945,78.716,0.0876194089651108,6.23
104,Maldives,Asia,79.3565296847573,150.03236994907965,2.927465424250369,4.241,15.036,12530.36023596828,4.726391950430212,-0.127973482012749,-0.396943330764771,-0.672039389610291,525994.0,75.6059004475336,0.53012090921402,81.041,-0.0786015242338181,41.971,-0.137529924511909,4.27
105,Mali,Africa,38.9389470920545,57.65430006399145,2.058802282742203,2.956,3.801,1035.862426284115,4.717161039895032,-1.13859808444977,-0.861831545829773,-0.679561257362366,23769127.0,51.1344831651898,-2.7291362285614,60.439,-0.977649748325348,46.189,-1.01174712181091,5.93
106,Malta,Europe,103.027229309082,232.46676505021023,5.093967589788786,3.11,9.166,40182.431385463366,6.7963131111880415,0.397335052490234,0.10974658280611,0.687359094619751,552747.0,67.0481240477638,0.858121693134308,83.50731707317074,0.702327609062195,94.941,0.913654506206512,5.0
107,Marshall Islands,Oceania,89.5519894011742,110.17223293482452,6.922123797181882,3.5195,9.07075,6678.342390604476,-3.9348710990502127,0.069975346326828,0.411750495433807,-0.422844558954239,38827.0,60.9125093362866,1.18497908115387,66.945,0.676997244358063,78.868,1.12555754184723,2.52
108,Mauritania,Africa,57.97773246321788,91.47057158735386,4.95305034506869,10.446,23.483,2120.8231842174737,6.507187198585939,-0.763598620891571,-0.822652637958527,-0.997108280658722,5022441.0,53.7485902025937,-0.503423988819122,68.484,-0.639136493206024,57.699,-0.656128466129303,4.38
109,Mauritius,Africa,57.97773246321788,105.10338042555324,7.052982384547342,5.571,16.958,11182.186568616036,5.007813817556212,0.710137605667114,0.453197360038757,1.06447863578796,1261041.0,71.9341733747491,0.775418817996979,73.41219512195123,0.805268526077271,40.867,0.615706980228424,4.37
110,Mexico,Americas,102.055458068848,73.76953312073246,5.527960873143848,2.765,5.844,13826.130657012192,3.2953909570288005,-0.198361441493034,-1.02057874202728,-0.171988308429718,129739759.0,67.0953820717364,-0.630761027336121,75.069,-0.806393921375275,81.582,-0.115086063742638,7.57
111,Micronesia (Federated States of),Oceania,99.05613571240443,98.31980168512138,6.922123797181882,3.5195,9.07075,3941.372478874137,0.4821477624571457,0.232347309589386,0.783704280853271,-0.580112159252167,112630.0,62.139473765987,1.0807785987854,67.198,0.643969178199768,23.379,1.08513557910919,3.0
112,Moldova,Europe,97.8896863952854,93.99462114880517,13.41701043812994,1.555,3.991,6799.585946445756,1.2000000000000028,-0.164951995015144,-0.28033846616745,0.105498053133488,2457783.0,64.3930689550613,-0.683699607849121,71.198,-0.152658581733704,43.373,0.236791402101517,5.6
113,Monaco,Europe,105.5245891624736,127.10225267750646,7.352342334686251,6.033230769230769,15.800512820512822,256580.51512274524,5.043382591953588,2.02295255661011,1.25135612487793,1.35054576396942,38956.0,50.4639790535597,1.18497908115387,86.372,1.47689890861511,100.0,0.65396785736084,2.58
114,Mongolia,Asia,96.8181201904352,142.8642465991814,10.35034182101228,5.503,12.328,5838.631080839024,7.422112761502504,-0.47153577208519,-0.492604404687881,-0.175534680485725,3481145.0,62.498927353612,0.592669785022736,72.12243902439025,-0.184480711817741,69.089,0.250342100858688,4.12
115,Montenegro,Europe,93.8724975585938,118.54275401497642,8.584769104554049,14.621,25.998,12077.374709468748,6.337697542435478,0.247063115239143,-0.0793098732829094,0.374201148748398,623529.0,64.2011231911508,0.0693022906780243,77.58780487804879,-0.0421564690768719,68.502,0.342006295919418,5.9
116,Morocco,Africa,87.7346312462207,93.79140306063178,6.091141525041358,9.044,22.341,3771.4462890625,3.403341300788341,-0.0359151102602482,-0.536348581314087,-0.0642079934477806,37712505.0,66.1390605052621,-0.367761224508286,75.313,-0.127505928277969,65.121,-0.489260077476501,4.8
117,Mozambique,Africa,57.97773246321788,105.62750363742776,7.126974821318514,3.519,7.377,622.9856193205957,5.436859122925199,-0.716628909111023,-0.828437745571136,-0.708528399467468,33635160.0,52.47836490149,-1.26869130134583,63.611,-1.02632343769073,38.753,-0.593393087387085,6.2
118,Myanmar,Asia,85.96353443459009,93.90663082558667,13.788542657897182,3.032,10.017,1233.1966620926912,0.9584466251261148,-1.75280201435089,-1.21649932861328,-1.43684935569763,54133798.0,68.3951241366357,-2.12527012825012,66.889,-1.61694085597992,32.112,-1.84359860420227,8.15
119,Namibia,Africa,81.6173009252032,110.77071396169843,5.879934632842721,19.365,37.602,4187.605003507864,4.442806038195755,0.0308966562151909,0.110072031617165,-0.0622607916593552,2963095.0,59.1364941049815,0.54477721452713,67.385,0.445467591285706,54.886,0.583879411220551,4.3
120,Nauru,Oceania,90.1002502441406,143.893230567535,6.922123797181882,3.5195,9.07075,12754.186756658484,0.64641033466782,-0.0678080692887306,0.58861643075943,0.0095858573913574,11875.0,59.1410526315789,0.976578056812286,62.109,-0.0184109006077051,100.0,0.640493810176849,2.05
121,Nepal,Asia,89.8898815141438,41.57015029331451,7.11475951738199,10.628,20.649,1382.3305576930356,1.9825484362839203,-0.807803750038147,-0.50792795419693,-0.661413729190826,29694614.0,64.925784774879,-0.226184993982315,70.354,-0.462669461965561,21.903,-0.0231158602982759,6.57
122,Netherlands,Europe,137.514724731445,165.9054570114809,3.838393543428104,3.537,8.268,64572.00595588537,0.0745608349011774,1.62553191184998,1.86710047721863,1.79096639156342,17877117.0,64.6719699066872,0.658281981945038,81.91463414634147,1.64250445365906,93.179,1.55626440048218,4.97
123,New Zealand,Oceania,113.395988464355,50.40643167905132,5.733162830349531,3.729,10.7,48654.90422747797,1.3942518156356556,1.5299768447876,2.08409547805786,1.91022837162018,5245000.0,64.8266830806157,1.35856962203979,83.00487804878051,1.70570802688599,86.985,1.68778347969055,4.08
124,Nicaragua,Americas,70.1749572753906,105.00309761110316,8.387658548725343,4.716,9.315,2609.444920729308,4.427743847603736,-1.08494555950165,-1.38844013214111,-0.878058850765228,6823613.0,65.4168400230201,-0.125550046563148,74.947,-1.27818691730499,59.849,-1.38733541965485,5.72
125,Niger,Africa,21.5605140503495,46.47555806306677,3.700973164258315,0.425,0.416,638.3360807232988,1.6676340648427868,-0.640915930271149,-0.563843965530396,-0.816925287246704,26159867.0,50.4632420340669,-1.66885960102081,61.183,-0.70808869600296,17.054,-0.695484280586243,5.7
126,Nigeria,Africa,46.8931503295898,74.52469518546137,24.65955020311392,3.074,5.128,1596.6369612900096,2.8602149910836374,-0.847906708717346,-1.04097437858582,-0.936865150928497,227882945.0,55.4796081821744,-1.7684383392334,54.462,-0.887689292430878,54.283,-0.548258185386658,7.28
127,North Macedonia,Europe,90.0724868774414,148.671761949798,9.361872497690149,13.174,29.557,8624.284002321167,2.072542088451172,-0.0513173453509808,-0.34861546754837,0.427339255809784,1827816.0,65.4304246393509,0.170306503772736,75.31609756097562,-0.168044894933701,59.479,0.162697300314903,5.03
128,Norway,Europe,117.775093078613,80.36384564012687,5.517849871046556,3.572,10.927,87497.32892973417,0.0721204806030328,1.79993534088135,2.11352157592773,1.59752345085144,5519594.0,64.9593860812691,0.892857432365417,83.11219512195123,1.83398151397705,83.995,1.77725434303284,3.75
129,Oman,Asia,85.96353443459009,105.91670780437607,0.9507829977628957,3.176,14.067,20972.48308866368,1.187134895588528,0.274613231420517,0.215157955884933,0.434537470340729,5049269.0,72.1117848940114,0.586623668670654,80.031,0.612812101840973,88.4,-1.00440359115601,4.4
130,Pakistan,Asia,42.2911451386891,28.602577398065783,30.76812806570054,5.408,9.711,1365.1692741097577,-0.0398389716673506,-0.577790379524231,-0.999357461929321,-0.901008188724518,247504495.0,58.7656671472458,-1.93273079395294,67.649,-0.859885513782501,38.04,-0.959140300750732,6.03
131,Palau,Oceania,97.286012526096,96.73084767653226,12.81997482165338,3.5195,9.07075,15899.424606532408,1.8770319839259884,0.442303985357285,0.58861643075943,0.401355355978012,17727.0,70.6078127203497,1.0807785987854,69.269,0.935467779636383,82.408,1.08513557910919,2.7
132,Panama,Americas,93.75563194299197,89.53306838378505,1.486413552770376,6.544,16.765,18686.405096126524,7.399301556262188,-0.209720730781555,-0.62809419631958,0.118782818317413,4458759.0,65.6670948127046,0.213101848959923,79.594,-0.3459812104702,69.512,0.547549784183502,6.98
133,Papua New Guinea,Oceania,52.0929750873194,96.73084767653226,2.298699912967907,2.661,3.798,2966.0683043205463,3.8108862290605146,-0.802389979362488,-0.657154023647308,-0.642708241939545,10389635.0,62.8474628800723,-0.478844821453094,66.134,-0.539805591106415,13.723,0.0050111226737499,5.72
134,Paraguay,Americas,79.7518585422984,82.40521077418171,4.632022854033549,5.794,13.185,6299.990265336433,4.999227911301517,-0.462065368890762,-1.05772292613983,-0.0789393484592438,6844146.0,64.8497197458967,0.0820416286587715,73.844,-0.582174599170685,63.149,0.042024303227663,7.52
135,Peru,Americas,111.395393371582,50.7851842068664,6.455613483695835,4.899,8.846,7887.54185920108,-0.4032421514942683,-0.491872787475586,-0.721040904521942,0.292205184698105,33845617.0,66.6492724892561,-0.52178555727005,77.74,-0.538132667541504,78.922,0.060481496155262,6.4
136,Philippines,Asia,91.5493424610693,67.41996931739664,5.978025155414136,2.222,6.991,3804.0827413109687,5.51894967862863,0.154091909527779,-0.537639975547791,0.16425496339798,114891199.0,66.130280353328,-0.566050469875336,69.833,-0.41814711689949,48.287,-0.0168379731476307,6.63
137,Poland,Europe,108.386131286621,110.0249350418151,11.52891279611048,2.743,11.152,22145.26430889085,0.2496108340178722,0.421437799930573,0.565399944782257,0.780193567276001,36687353.0,65.3423219583981,0.559584558010101,78.50731707317074,0.458741247653961,60.218,0.626450896263123,4.48
138,Portugal,Europe,120.347076416016,93.8637906963574,4.311281918986795,6.509,20.3,27386.292059502382,2.6131285435102285,0.987550020217896,0.696312069892883,0.755356550216675,10578174.0,62.9948427426708,0.712578117847443,82.28048780487806,1.06766510009766,67.906,1.21128296852112,4.88
139,Qatar,Asia,85.96353443459009,93.90663082558667,3.027648991989041,0.13,0.574,80195.87465085486,1.1871599162377606,1.19741261005402,0.702209830284119,0.977040886878967,2656032.0,83.2673118766117,0.993381142616272,82.368,0.932885050773621,99.354,-0.970600128173828,5.45
140,Romania,Europe,81.6316070556641,83.09006739567506,10.39718747649961,5.589,21.693,18404.27308717039,2.404271779128095,-0.0926659479737282,0.0404953435063362,0.318900614976883,19059479.0,64.3703890976471,0.373643964529037,76.60731707317075,0.437425792217255,54.672,0.503180325031281,4.58
141,Russia,Europe,92.4840470838527,40.83432641052731,7.352342334686251,3.076,11.162,14159.3876953125,4.082524812592808,-0.712461888790131,-1.10467827320099,-1.12207186222076,143826130.0,65.8803755973048,-1.13433384895325,73.25463414634149,-1.18764269351959,75.331,-1.2855396270752,6.87
142,Rwanda,Africa,45.1251505756161,64.90690414200412,19.78954674646704,12.352,18.172,1027.0344680443206,8.249903020145581,0.388362646102905,0.671653091907501,0.124717451632023,13954471.0,58.4467853189567,0.108091473579407,67.785,0.205150455236435,17.892,-0.902328312397003,3.6
143,Samoa,Oceania,99.05613571240443,90.65748056270222,7.921646848267783,4.977,13.049,4330.178405313288,9.208649239646888,0.492577105760574,0.727086067199707,-0.270534545183182,216663.0,55.5664788173338,1.09818840026855,71.698,0.900673031806946,17.508,1.01960289478302,2.43
144,San Marino,Europe,60.7940446650124,127.10225267750646,5.931908586294024,6.033230769230769,15.800512820512822,48118.935468436,1.7394384216583052,1.20168173313141,1.25135612487793,0.931279718875885,33860.0,65.6221744608315,1.18497908115387,85.706,1.47689890861511,97.836,1.24682343006134,3.48
145,Sao Tome and Principe,Africa,57.97773246321788,74.52469518546137,21.25891384729996,9.071,8.526,2940.933529267149,0.3722527750014563,-0.90243524312973,0.360224694013596,-0.940236151218414,230871.0,57.8523117838278,0.44070503115654,69.718,-0.694839358329773,76.401,0.252305746078491,1.7
146,Saudi Arabia,Asia,85.96353443459009,54.1690118283683,2.327085183626981,4.008,13.82,36156.848337700976,0.5425924393931609,0.796441078186035,0.536042988300323,0.517070889472961,33702731.0,73.0830540448599,-0.213224530220032,78.732,0.414570838212967,84.95,-1.41669249534607,6.23
147,Senegal,Africa,44.0673682244069,71.39428703272156,5.939477987732163,2.8,3.887,1698.0338730084263,4.257430832802896,0.0696751922369003,0.0578322261571884,-0.345079481601715,18077573.0,57.780014004645,-0.138591378927231,68.683,-0.273632854223251,49.579,0.133976578712463,5.52
148,Serbia,Europe,105.5245891624736,114.49394865822778,12.37190435525192,8.268,23.929,12281.505848830267,3.847471127849417,0.0076343188993632,-0.447204262018204,0.137915700674057,6623183.0,63.3113501282481,-0.0391097068786621,76.2209756097561,-0.0745044872164726,57.113,-0.0550001598894596,6.22
149,Seychelles,Africa,74.2514404458298,180.8272625016599,-1.035300884319505,9.006576923076922,17.464653846153844,18262.711584928707,2.2592532228328537,0.624744176864624,1.62884771823883,0.211075112223625,119773.0,71.5292241921681,0.763500511646271,74.95853658536586,0.432935118675232,58.82,0.556410670280457,3.9
150,Sierra Leone,Africa,86.9079513549805,55.869688155002514,47.64287332531785,3.153,3.486,757.8486805604443,5.7100218981806,-1.1555837392807,-0.574557840824127,-1.06417989730835,8460512.0,58.2616099356635,-0.238688722252846,61.786,-0.832963287830353,44.3,-0.296392291784286,4.95
151,Singapore,Asia,103.082801906213,325.6932240537803,4.83372362825795,3.444,8.461,85412.23034523505,1.8214069411538527,2.31747198104858,2.04018402099609,2.30859136581421,5917648.0,75.1171578881273,1.42420423030853,82.89512195121952,1.75317537784576,100.0,-0.0654119327664375,3.47
152,Slovakia,Europe,92.6436767578125,181.03363073639576,10.53194766452113,5.84,19.748,24673.54829791439,2.1681491156957406,0.229512304067612,0.292565286159515,0.601919114589691,5426740.0,66.0419899803454,0.573219299316406,78.01707317073172,0.603365182876587,54.027,0.912476003170013,4.72
153,Slovenia,Europe,107.626876831055,160.09844469158762,7.446877173858359,3.652,9.981,32610.11092272899,2.112590984606271,1.03929400444031,0.776647090911865,0.731421768665314,2120461.0,63.7378233342586,0.818632841110229,81.97804878048781,1.03880786895752,56.088,1.07909941673279,4.37
154,Solomon Islands,Oceania,99.05613571240443,96.73084767653226,5.885858970421632,1.455,2.953,2076.107687725632,2.6563618673471296,-0.733603537082672,-0.134710744023323,-0.780060708522797,800005.0,59.0104068034532,0.445870101451874,70.528,-0.262915134429932,26.037,0.340079069137573,4.4
155,Somalia,Africa,3.34785008430481,92.68615435050602,10.803835740848372,18.941,33.849,597.4588546030427,4.216384326108539,-1.98020255565643,-1.73283362388611,-1.87981820106506,18358615.0,50.7567210271581,-2.37760090827942,58.816,-2.21200466156006,47.92,-1.66268134117126,6.13
156,South Africa,Africa,104.133480684239,65.1800955490051,6.075243845796564,32.098,59.719,6022.54254192335,0.6984851937248351,-0.256946682929993,-0.284670442342758,-0.223697945475578,63212384.0,67.4000079430639,-0.665642023086548,66.139,0.0862350836396217,68.819,0.744892179965973,7.18
157,South Sudan,Africa,57.97773246321788,74.52469518546137,2.382804348137549,12.477,18.48,2811.7449245511048,3.3956282156058717,-2.32788825035095,-1.96955537796021,-2.11724495887756,11483374.0,57.2360745195619,-2.18610787391663,57.617,-2.13823580741882,21.195,-1.68417978286743,6.32
158,Spain,Europe,118.361709594727,72.19172889174838,3.532361334924285,12.179,28.753,33509.01279821385,2.6756634629065985,0.752065539360046,0.629368722438812,0.693764328956604,48347910.0,66.0876417150889,0.287291556596756,83.8829268292683,0.822885692119598,81.552,1.19472968578339,5.9
159,Sri Lanka,Asia,87.9534065332114,43.53623029609506,16.54117422798316,5.997,26.262,3798.8901657301135,-2.329848189833399,-0.25227889418602,-0.383976995944977,-0.507761836051941,22037000.0,65.9000169644131,-0.508541285991669,77.483,-0.0906768143177032,19.211,-0.231143683195114,4.92
160,"St, Kitts and Nevis",Americas,137.513208876365,64.95372947812973,3.557112308482438,6.810290322580646,16.296935483870964,22600.450229946782,4.328557715598052,0.380410820245743,0.413433611392975,0.541928887367249,46758.0,70.968604303007,0.923393249511719,72.145,0.479547560214996,31.096,0.774220764636993,3.52
161,"St, Lucia",Americas,88.6818771362305,64.95372947812973,4.070608219261997,11.092,29.146,13554.768478493274,2.209882765265164,0.0738346204161644,0.54412841796875,0.3971788585186,179285.0,72.8317283423832,1.01801919937134,72.697,0.605028092861176,19.172,0.862668752670288,3.53
162,"St, Vincent and the Grenadines",Americas,125.381042480469,64.95372947812973,4.564577198148927,18.574,42.316,10582.365672522892,5.326364720987172,0.0738346204161644,0.737308144569397,0.317606389522552,101323.0,66.7901996101557,1.01801919937134,71.23,0.57221245765686,54.299,0.831284880638123,3.08
163,Sudan,Africa,57.97773246321788,2.473728782676652,10.803835740848372,9.006576923076922,17.464653846153844,797.283447265625,-29.433271832514947,-1.97706210613251,-1.50206708908081,-1.6031391620636,50042791.0,56.1389077613488,-2.46693897247314,66.331,-1.6741771697998,36.342,-1.60484826564789,6.37
164,Suriname,Americas,76.1109237670898,64.95372947812973,51.58731596008611,7.631,24.992,5494.074094255166,2.539566754468254,-0.967238128185272,-0.404351592063904,-0.728055536746979,628886.0,66.4321514551127,0.412738472223282,73.631,-0.0622574500739574,66.411,0.353224784135818,4.77
165,Sweden,Europe,134.244293212891,106.74087830882192,8.54862489748906,7.611,21.95,55567.0890080496,-0.1141619353977887,1.60138332843781,2.0282461643219,1.71801710128784,10536632.0,62.2137917151827,0.758365273475647,83.30975609756099,1.60402345657349,88.738,1.57483160495758,4.7
166,Switzerland,Europe,102.965591430664,135.3200022490898,2.135400880163773,4.043,7.869,100631.80275512472,0.6833281743760438,2.13492703437805,2.02199912071228,1.72938001155853,8888093.0,65.3776294419259,1.07144391536713,84.05609756097562,1.76172566413879,74.202,1.66502690315247,4.87
167,Syria,Asia,39.4672088623047,93.90663082558667,13.788542657897182,13.187,31.707,847.3727234185315,-1.2072642027964378,-1.78816211223602,-1.7502247095108,-1.81011295318604,23594623.0,64.9776349467419,-2.75060677528381,72.12,-2.03518009185791,57.409,-1.85418260097504,7.07
168,Tajikistan,Asia,88.4022015902249,65.63470103673535,13.788542657897182,11.546,26.836,1178.4799006024875,8.299999216519353,-0.772318005561829,-1.37873339653015,-1.17822289466858,10389799.0,59.8437111172079,-0.47282150387764,71.79,-1.27723121643066,28.234,-1.63467013835907,5.45
169,Tanzania,Africa,57.97773246321788,38.21203480633896,3.799232913849204,2.582,3.325,1224.48962402344,5.069523532033941,-0.455080926418304,-0.319897323846817,-0.588394701480865,66617606.0,54.2329053806519,-0.0527516007423401,66.995,-0.373498290777206,37.409,-0.533726751804352,6.2
170,Thailand,Asia,93.3356315272258,128.8241141523753,8.478051744215458,0.733,4.547,7195.101309194487,2.0177509532832687,0.171705812215805,-0.489050775766373,0.158257782459259,71702435.0,70.1920646070109,-0.280302882194519,76.412,0.244872748851776,53.608,-0.450371354818344,6.18
171,Timor-Leste,Asia,85.96353443459009,89.30059136117615,8.420351033103755,1.521,3.225,1502.519645141864,-18.12479095637317,-0.841954410076141,-0.22670416533947,-0.487927585840225,1384286.0,60.4360659574683,0.260184526443481,67.689,-0.834021985530853,32.456,0.433426916599274,4.08
172,Togo,Africa,63.4192515229188,61.427356772682415,5.489285681411347,1.948,3.402,985.6975126299736,6.407922156362417,-0.578052043914795,-0.619174957275391,-0.493230193853378,9304337.0,56.9536949836568,-0.954195141792297,62.739,-0.527499735355377,44.49,-0.782707870006561,5.23
173,Tonga,Oceania,91.8606656320055,94.13715044318896,6.351129802551847,2.262,6.495,4863.763846321917,2.084155836365454,-0.115239478647709,-0.308315753936768,-0.393207430839539,104597.0,57.7738473672889,1.08757400512695,72.895,0.548529505729675,23.16,0.870985329151154,3.7
174,Trinidad and Tobago,Americas,92.9377899169922,64.95372947812973,4.629302424199648,4.21,10.335,18639.259241293963,1.4271133977040051,-0.0436432547867298,-0.374148547649384,-0.130735039710999,1367510.0,70.1190173211372,0.401362389326096,73.49,-0.283585637807846,53.439,0.620708882808685,5.2
175,Tunisia,Africa,57.97773246321788,112.91487231281108,9.32899597507864,15.106,38.484,3950.375341981596,0.0391565674939329,-0.300515085458755,-0.341899782419205,-0.6191326379776,12200431.0,66.3988223039006,-0.630951106548309,76.508,-0.138983190059662,70.544,-0.21289698779583,4.45
176,Turkey,Asia,85.96353443459009,66.27660470931647,53.85940875933152,9.388,17.306,13105.658500477752,5.1111681848870205,-0.247911587357521,-0.50248908996582,-0.229510217905045,85325965.0,68.1592433612863,-1.01108038425446,77.156,-0.511972904205322,77.463,-0.860576987266541,7.03
177,Turkmenistan,Asia,102.546752929688,34.09927380172572,13.788542657897182,4.099,9.148,8232.65225980002,6.3001575854987095,-1.2064995765686,-1.42362427711487,-2.06809759140015,7364438.0,64.0571622709024,-0.111424535512924,70.073,-1.48657822608948,54.003,-1.88326275348663,4.4
178,Tuvalu,Oceania,93.2753164556962,96.73084767653226,6.922123797181882,3.5195,9.07075,6344.775018868903,3.852809195170323,-0.449751287698746,0.646379947662354,-0.190622672438622,9816.0,61.1227140746778,1.18908190727234,67.105,1.01082408428192,66.241,1.22353219985962,1.62
179,Uganda,Africa,57.97773246321788,33.34169633022193,5.350948042803948,2.787,4.228,1002.3091390885152,5.336972955114689,-0.549508571624756,-1.04257476329803,-0.517365336418152,48656601.0,53.9113567148746,-0.69550609588623,68.252,-0.474925845861435,26.771,-0.695845246315002,6.55
180,Ukraine,Europe,105.5245891624736,77.50961419356571,12.84902228285588,6.033230769230769,15.800512820512822,5139.59814453125,5.534733547458856,-0.357320100069046,-0.686146318912506,-0.266427397727966,37732836.0,67.1469283033341,-1.42982339859009,73.422,-0.888317406177521,70.095,-0.100543133914471,6.48
181,United Arab Emirates,Asia,101.944972436447,202.332536002327,1.626708372132523,2.151,6.467,49040.69475210351,3.618706531181587,1.60428190231323,1.07366383075714,1.04239141941071,10483751.0,81.9654257470884,0.677530944347382,82.909,0.881900131702423,87.779,-1.0949410200119,6.37
182,United Kingdom,Europe,112.403617858887,65.0323382579942,6.793967067939643,3.984,11.828,49200.81015261457,0.3970823455396299,1.16114270687103,1.48091387748718,1.53656673431396,68492000.0,63.3527288517877,0.514935672283173,81.2380975609756,1.39836597442627,84.642,1.26162397861481,5.75
183,United States,Americas,93.75563194299197,24.89936314399462,4.116338383744878,3.638,7.953,82304.62042728657,2.887556009059836,1.21720099449158,1.12343263626099,1.39373278617859,336806231.0,64.9735428685564,0.029424749314785,78.38536585365854,1.3276778459549,83.298,0.877519071102142,5.67
184,Uruguay,Americas,119.105005958635,52.910987066462965,5.869103598961178,8.355,26.185,23019.42215600459,0.7421287853159271,0.850249707698822,1.57394731044769,0.675111055374146,3388081.0,65.5017789571411,0.964887142181396,78.138,0.717662572860718,95.771,1.28379380702972,3.22
185,Uzbekistan,Asia,97.3839945834102,66.10514430403724,9.956590712580187,4.46,10.858,2878.9687929245074,6.291416350823113,-0.283767521381378,-0.807529330253601,-0.576817333698273,35652307.0,63.4338978400472,-0.154609963297844,72.388,-0.832810997962952,50.532,-1.30965662002563,4.95
186,Vanuatu,Oceania,134.670675170038,96.73084767653226,11.1825017088175,5.082,11.677,3515.236336117979,-0.9647922816617438,-0.568605482578278,-0.0148651544004679,-0.119526423513889,320409.0,57.1684271796784,0.932254612445831,71.477,0.141380533576012,25.976,0.627497434616089,2.43
187,Venezuela,Americas,97.229606628418,64.95372947812973,11.193196695714905,5.485,10.412,15816.252178947685,3.478020286101219,-1.599200963974,-1.69000518321991,-2.02624750137329,28300854.0,64.5126609960251,-1.18902802467346,72.514,-2.15153360366821,88.438,-1.5313206911087,6.72
188,Vietnam,Asia,85.96353443459009,164.8180712698939,3.252892826676605,1.645,6.345,4323.3503198245135,5.06502391455075,0.126466900110245,-0.415814280509949,-0.382607728242874,100352192.0,67.7729868011901,-0.0363807342946529,74.588,-0.0854718759655952,39.48,-1.24185371398926,6.55
189,Yemen,Asia,85.96353443459009,93.90663082558667,13.788542657897182,17.091,32.395,14913.287487179912,3.0118159937179247,-2.27542042732239,-1.64893329143524,-1.8430507183075,39390799.0,56.2663580396021,-2.56293869018555,69.295,-1.83897626399994,39.831,-1.55021691322327,6.57
190,Zambia,Africa,57.97773246321788,78.24188704514849,10.88453169128201,5.905,9.752,1330.7278057670908,5.36794285493059,-0.658970057964325,-0.477706879377365,-0.49810004234314,20723965.0,56.1460270754173,0.201727285981178,66.349,-0.529127418994904,46.335,-0.0479462631046772,4.73
191,Zimbabwe,Africa,57.97773246321788,50.7949638787374,10.803835740848372,8.759,14.481,2156.034093229838,5.336770373395268,-1.17033493518829,-1.26121604442596,-1.33835864067078,16340822.0,55.0583947080017,-0.934447467327118,62.775,-1.27714252471924,32.517,-1.09263300895691,5.47
192,eSwatini,Africa,57.97773246321788,100.09323637196644,10.803835740848372,35.086,58.16,3741.690107454157,3.4444783120068223,-0.884958326816559,-0.73498547077179,-0.717471897602081,1230506.0,62.1841340066607,-0.357591271400452,64.123,-0.597746074199677,24.79,-1.16463816165924,4.38
